{"cameraMode":{"drawMode":0,"name":"Shaded","section":"Shading Mode"},"sceneLighting":false,"audioPlay":false,"sceneViewState":{"m_AlwaysRefresh":false,"showFog":true,"showSkybox":false,"showFlares":true,"showImageEffects":true,"showParticleSystems":true,"showVisualEffectGraphs":true,"m_FxEnabled":true},"in2DMode":false,"pivot":{"x":997.8486938476563,"y":578.4224243164063,"z":-141.84774780273438},"rotation":{"x":0.016195204108953477,"y":-0.012275793589651585,"z":-0.000367090804502368,"w":-0.9996524453163147},"size":21.048259735107423,"orthographic":false}