{"cameraMode":{"drawMode":0,"name":"Shaded","section":"Shading Mode"},"sceneLighting":false,"audioPlay":false,"sceneViewState":{"m_AlwaysRefresh":false,"showFog":true,"showSkybox":false,"showFlares":true,"showImageEffects":true,"showParticleSystems":true,"showVisualEffectGraphs":true,"m_FxEnabled":true},"in2DMode":false,"pivot":{"x":-0.8417472839355469,"y":1.4416507482528687,"z":-0.30399930477142336},"rotation":{"x":-0.2094181925058365,"y":-0.4081763029098511,"z":0.09678658097982407,"w":-0.8832485675811768},"size":0.8660253882408142,"orthographic":false}