{"cameraMode":{"drawMode":0,"name":"Shaded","section":"Shading Mode"},"sceneLighting":false,"audioPlay":false,"sceneViewState":{"m_AlwaysRefresh":false,"showFog":true,"showSkybox":false,"showFlares":true,"showImageEffects":true,"showParticleSystems":true,"showVisualEffectGraphs":true,"m_FxEnabled":true},"in2DMode":false,"pivot":{"x":-3.6843039989471437,"y":0.012816608883440495,"z":-1.7287569046020508},"rotation":{"x":0.09727998077869415,"y":-0.19134314358234406,"z":0.01908237300813198,"w":0.9764413833618164},"size":1.1083091497421265,"orthographic":false}